id;username;password;first_name;last_name;gender;phone;email
1;up;Vermont strategy;Sincere;Sawayn;Franc;1-313-980-7498 x52785;Yasmine26@yahoo.com
2;Rustic Account;Kids grow;Frederik;Hane;bypass Fresh multi-byte;1-534-540-7050;Granville68@gmail.com
3;parsing;Anguilla Analyst hacking;Sofia;Dicki;Future-proofed Fresh visualize;1-412-447-3607;Hoyt.Effertz92@hotmail.com
4;Solutions Program;auxiliary;Vaughn;Muller;Dynamic;(400) 437-6963 x403;Hershel.Torp@gmail.com
5;edge Orchestrator Enhanced;Fish invoice multi-byte;Ivy;McGlynn;enable Home South;479-609-9935;Liza6@gmail.com
6;Honduras Synergized Sleek;benchmark Mill web-enabled;Joanne;Moen;empowering iterate;1-588-211-5487;Art74@hotmail.com
7;Cross-platform HDD transitional;tan Account virtual;Cloyd;Trantow;Officer Tuna;(600) 944-8498 x020;Henry.Morar@gmail.com
8;array online matrices;Tennessee Data Colorado;Rickie;Breitenberg;Soft Dynamic District;626.417.4822;Chauncey.Rau@gmail.com
9;haptic application silver;program Fish payment;Jedidiah;Rolfson;Shoes Borders;804.377.2551;Mckayla.Cronin@hotmail.com
10;Indonesia optical Creative;Dynamic Dollar;Darwin;Mante;synergistic user-facing Indonesia;1-511-943-1114 x720;Catalina.Stoltenberg65@gmail.com
