id;name;description;email;phone;avartar;background
1;service-desk Uganda Indiana;Consultant;Zackery21@gmail.com;(596) 563-7311;out-of-the-box end-to-end;Executive cultivate
2;Serbia Home out-of-the-box;blue;Ava93@gmail.com;257.626.8736;parse bottom-line revolutionize;firmware
3;open-source;Optimized grid-enabled;Camren.Cartwright@yahoo.com;754.257.0244 x333;Home Plastic Outdoors;Global Rustic Grocery
4;Principal;AI Table;Katlyn1@gmail.com;996.204.9090;Illinois Village;Data
5;salmon virtual Inlet;Berkshire program;Annabell74@yahoo.com;853.969.5984 x207;Cambridgeshire visionary forecast;parse Central Fresh
6;generating Handmade transmitting;withdrawal orchid;Narciso_Bednar@yahoo.com;328-940-5305;Phased Somali;XSS Fuerte Manager
7;deposit;Massachusetts withdrawal;Valentine72@gmail.com;1-267-622-6105;e-business;Security online Bike
8;Music;copying;Green_Koepp30@gmail.com;(980) 901-2114;Street;brand Product
9;Principal Indiana SMS;Handmade optical implement;Alexie_West@yahoo.com;858.375.4179 x26619;Account;Director Rwanda
10;hacking Granite Berkshire;Peru;Kenton9@yahoo.com;916.613.6728;reintermediate Mobility infomediaries;Baby Avenue Dollar
